pcr_primer	pcr_primer_name	pcr_primer_reference	direction	assays
ACTCCTACGGGAGGCAGCAG	16S-338F	https://cir.nii.ac.jp/crid/1570009750603612672	forward	
GTGCCAGCMGCCGCGGTAA	16S-V4-515F-C	https://doi.org/10.1073/pnas.1000080107	forward	
GTGYCAGCMGCCGCGGTAA	16S-V4-515F-Y	https://doi.org/10.1111/1462-2920.13023	forward	
GGACTACHVGGGTWTCTAAT	16S-V4-806R	https://doi.org/10.1073/pnas.1000080107	reverse	
GGACTACNVGGGTWTCTAAT	16S-V4-806RB	https://doi.org/10.3354/ame01753	reverse	
CCGYCAATTYMTTTRAGTTT	16S-V5-926R	https://doi.org/10.1111/1462-2920.13023	reverse	
CCAGCASCYGCGGTAATTCC	18S-V4-TAReuk454FWD1	https://doi.org/10.1111/j.1365-294X.2009.04480.x	forward	
ACTTTCGTTCTTGATYRA	18S-V4-TAReuk454REV3	https://doi.org/10.1111/j.1365-294X.2009.04480.x	reverse	
ACTTTCGTTCTTGATYR	18S-V4-TAReuk454REV3.1	https://doi.org/10.3389/fmicb.2018.01998	reverse	
ACTTTCGTTCTTGATYRATGA	18S-V4-TAReuk454REV3.Piredda	https://doi.org/10.1093/femsec/fiw200	reverse	
ACTTTCGTTCTTGATYRR	18S-V4-TAReuk454REV3.V4RB	https://doi.org/10.3354/ame01740	reverse	
CCCTGCCHTTTGTACACAC	18S-V9-1380F	https://doi.org/10.1371/journal.pone.0006372	forward	
TTGTACACACCGCCC	18S-V9-1389F	https://doi.org/10.1371/journal.pone.0006372	forward	
GTACACACCGCCCGTC	18S-V9-1391F	https://cir.nii.ac.jp/crid/1570009750603612672	forward	
CCTTCYGCAGGTTCACCTAC	18S-V9-1510R	https://doi.org/10.1371/journal.pone.0006372	reverse	
TGATCCTTCTGCAGGTTCACCTAC	18S-V9-EukB	https://doi.org/10.1016/0378-1119(88)90066-2	reverse	
CGTGAAACCGYTRRAAGGG	Anth-28S-eDNA-F	https://doi.org/10.7717/peerj.18607	forward	
TTGGTCCGTGTTTCAAGACG	Anth-28S-eDNA-R	https://doi.org/10.7717/peerj.18607	reverse	
TCACCCAAAGCTGRARTTCTA	Baker-M13dlp1.5-H	https://doi.org/10.1046/j.1365-294x.1998.00380.x | https://doi.org/10.3389/fmars.2018.00133	forward	
GCGGGTTGCTGGTTTCACG	Baker-Oordlp4	https://doi.org/10.1046/j.1365-294x.1998.00380.x | https://doi.org/10.3389/fmars.2018.00133	reverse	
CGCGGCGCTACATATTAGAC	Ceph18S-F	https://doi.org/10.1098/rsos.201388	forward	
GCACTTAACCGACCGTCGAC	Ceph18S-R	https://doi.org/10.1098/rsos.201388	reverse	
TAAACTTCAGGGTGACCAAAAAATCA	HCO2198	https://www.mbari.org/wp-content/uploads/2016/01/Folmer_94MMBB.pdf	reverse	
TCCGTAGGTGAACCTGCGG	ITS1-F	https://doi.org/10.1002/lno.12189	forward	
TANACYTCNGGRTGNCCRAARAAYCA	jgHCO2198	https://doi.org/10.1111/1755-0998.12138	reverse	
AGTTACYYTAGGGATAACAGCG	Kelly-16S-Metazoa-Fwd	https://doi.org/10.7717/peerj.2444	forward	
CCGGTCTGAACTCAGATCAYGT	Kelly-16S-Metazoa-Rev	https://doi.org/10.7717/peerj.2444	reverse	
GYGGTGCATGGCCGTTSKTRGTT	Machida-18S-V7V8-F	https://doi.org/10.1371/journal.pone.0046180	forward	
GTGTGYACAAAGGBCAGGGAC	Machida-18S-V7V8-R	https://doi.org/10.1371/journal.pone.0046180	reverse	
GTCGGTAAAACTCGTGCCAGC	MiFish-U-F	https://doi.org/10.1098/rsos.150088	forward	
GCCGGTAAAACTCGTGCCAGC	MiFish-U-F-V2	https://doi.org/10.1098/rsos.150088 | https://doi.org/10.1002/edn3.14	forward	
CATAGTGGGGTATCTAATCCCAGTTTG	MiFish-U-R	http://dx.doi.org/10.1098/rsos.150088 | https://doi.org/10.1002/edn3.14	reverse	
GGWACWGGWTGAACWGTWTAYCCYCC	mlCOIinfF	https://doi.org/10.1186/1742-9994-10-34	forward	
GCTTATCCAGATTGGTAAGTTCTATGAA	Octo-eDNA-Mut2F	https://doi.org/10.1016/j.dsr2.2017.09.008	forward	
ACAGTCCTCTAAATTACAACTAGGAGAATA	Octo-eDNA-Mut2R	https://doi.org/10.1016/j.dsr2.2017.09.008	reverse	
GCAGTCTTCTAAATTGCAACCGGGAGAATA	Octo-MutS-Paragorgia	missing: not provided	reverse	
CATCCACCGCTGAAAGTTGTAA	Pn-ITS1-R	https://doi.org/10.1002/lno.12189	reverse	
AKGGAAACGAATGGRCTMAG	Scler-28S-eDNA-F	https://doi.org/10.7717/peerj.18607	forward	
TCCTTGGTCCGTGTTTCAAG	Scler-28S-eDNA-R	https://doi.org/10.7717/peerj.18607	reverse	
